<?xml version="1.0" encoding="UTF-8"?>
<project-private xmlns="http://www.netbeans.org/ns/project-private/1">
    <data xmlns="http://www.netbeans.org/ns/make-project-private/1">
        <activeConfTypeElem>2</activeConfTypeElem>
        <activeConfIndexElem>0</activeConfIndexElem>
    </data>
    <editor-bookmarks xmlns="http://www.netbeans.org/ns/editor-bookmarks/2" lastBookmarkId="0"/>
    <open-files xmlns="http://www.netbeans.org/ns/projectui-open-files/2">
        <group>
            <file>file:/home/ssampson/NetBeansProjects/codec2-700c/src/encode.c</file>
            <file>file:/home/ssampson/NetBeansProjects/codec2-700c/header/mbest.h</file>
            <file>file:/home/ssampson/NetBeansProjects/codec2-700c/src/nlp.c</file>
            <file>file:/home/ssampson/NetBeansProjects/codec2-700c/src/codec2.c</file>
            <file>file:/home/ssampson/NetBeansProjects/codec2-700c/header/fft.h</file>
            <file>file:/home/ssampson/NetBeansProjects/codec2-700c/src/sine.c</file>
            <file>file:/home/ssampson/NetBeansProjects/codec2-700c/src/amp.c</file>
            <file>file:/home/ssampson/NetBeansProjects/codec2-700c/header/defines.h</file>
            <file>file:/home/ssampson/NetBeansProjects/codec2-700c/src/mbest.c</file>
            <file>file:/home/ssampson/NetBeansProjects/codec2-700c/header/amp.h</file>
            <file>file:/home/ssampson/NetBeansProjects/codec2-700c/header/nlp.h</file>
            <file>file:/home/ssampson/NetBeansProjects/codec2-700c/header/sine.h</file>
            <file>file:/home/ssampson/NetBeansProjects/codec2-700c/header/codec2-700.h</file>
            <file>file:/home/ssampson/NetBeansProjects/codec2-700c/header/c2file-700.h</file>
        </group>
    </open-files>
</project-private>
