<?xml version="1.0" encoding="UTF-8"?>
<configurationDescriptor version="100">
  <logicalFolder name="root" displayName="root" projectFiles="true" kind="ROOT">
    <logicalFolder name="HeaderFiles"
                   displayName="Header Files"
                   projectFiles="true">
      <itemPath>header/amp.h</itemPath>
      <itemPath>header/c3file.h</itemPath>
      <itemPath>header/defines.h</itemPath>
      <itemPath>header/digivoice.h</itemPath>
      <itemPath>header/encode.h</itemPath>
      <itemPath>header/fft.h</itemPath>
      <itemPath>header/mbest.h</itemPath>
      <itemPath>header/nlp.h</itemPath>
      <itemPath>header/sine.h</itemPath>
    </logicalFolder>
    <logicalFolder name="ResourceFiles"
                   displayName="Resource Files"
                   projectFiles="true">
    </logicalFolder>
    <logicalFolder name="SourceFiles"
                   displayName="Source Files"
                   projectFiles="true">
      <itemPath>src/amp.c</itemPath>
      <itemPath>src/codebook.c</itemPath>
      <itemPath>src/codec.c</itemPath>
      <itemPath>src/encode.c</itemPath>
      <itemPath>src/fft.c</itemPath>
      <itemPath>src/mbest.c</itemPath>
      <itemPath>src/nlp.c</itemPath>
      <itemPath>src/sine.c</itemPath>
    </logicalFolder>
    <logicalFolder name="TestFiles"
                   displayName="Test Files"
                   projectFiles="false"
                   kind="TEST_LOGICAL_FOLDER">
    </logicalFolder>
    <logicalFolder name="ExternalFiles"
                   displayName="Important Files"
                   projectFiles="false"
                   kind="IMPORTANT_FILES_FOLDER">
      <itemPath>Makefile</itemPath>
    </logicalFolder>
  </logicalFolder>
  <projectmakefile>Makefile</projectmakefile>
  <confs>
    <conf name="Debug" type="2">
      <toolsSet>
        <compilerSet>default</compilerSet>
        <dependencyChecking>true</dependencyChecking>
        <rebuildPropChanged>false</rebuildPropChanged>
      </toolsSet>
      <compileType>
        <cTool>
          <standard>3</standard>
          <incDir>
            <pElem>header</pElem>
          </incDir>
          <commandLine>-O2 -fsingle-precision-constant</commandLine>
          <warningLevel>2</warningLevel>
        </cTool>
        <linkerTool>
          <linkerLibItems>
            <linkerLibStdlibItem>Mathematics</linkerLibStdlibItem>
          </linkerLibItems>
        </linkerTool>
      </compileType>
      <item path="header/amp.h" ex="false" tool="3" flavor2="0">
      </item>
      <item path="header/c3file.h" ex="false" tool="3" flavor2="0">
      </item>
      <item path="header/defines.h" ex="false" tool="3" flavor2="0">
      </item>
      <item path="header/digivoice.h" ex="false" tool="3" flavor2="0">
      </item>
      <item path="header/encode.h" ex="false" tool="3" flavor2="0">
      </item>
      <item path="header/fft.h" ex="false" tool="3" flavor2="0">
      </item>
      <item path="header/mbest.h" ex="false" tool="3" flavor2="0">
      </item>
      <item path="header/nlp.h" ex="false" tool="3" flavor2="0">
      </item>
      <item path="header/sine.h" ex="false" tool="3" flavor2="0">
      </item>
      <item path="src/amp.c" ex="false" tool="0" flavor2="0">
      </item>
      <item path="src/codebook.c" ex="false" tool="0" flavor2="0">
      </item>
      <item path="src/codec.c" ex="false" tool="0" flavor2="0">
      </item>
      <item path="src/encode.c" ex="false" tool="0" flavor2="0">
      </item>
      <item path="src/fft.c" ex="false" tool="0" flavor2="0">
      </item>
      <item path="src/mbest.c" ex="false" tool="0" flavor2="0">
      </item>
      <item path="src/nlp.c" ex="false" tool="0" flavor2="0">
      </item>
      <item path="src/sine.c" ex="false" tool="0" flavor2="0">
      </item>
    </conf>
    <conf name="Release" type="2">
      <toolsSet>
        <compilerSet>default</compilerSet>
        <dependencyChecking>true</dependencyChecking>
        <rebuildPropChanged>false</rebuildPropChanged>
      </toolsSet>
      <compileType>
        <cTool>
          <developmentMode>5</developmentMode>
          <standard>10</standard>
          <incDir>
            <pElem>header</pElem>
          </incDir>
          <commandLine>-fsingle-precision-constant</commandLine>
          <warningLevel>2</warningLevel>
        </cTool>
        <ccTool>
          <developmentMode>5</developmentMode>
        </ccTool>
        <fortranCompilerTool>
          <developmentMode>5</developmentMode>
        </fortranCompilerTool>
        <asmTool>
          <developmentMode>5</developmentMode>
        </asmTool>
      </compileType>
      <item path="header/amp.h" ex="false" tool="3" flavor2="0">
      </item>
      <item path="header/c3file.h" ex="false" tool="3" flavor2="0">
      </item>
      <item path="header/defines.h" ex="false" tool="3" flavor2="0">
      </item>
      <item path="header/digivoice.h" ex="false" tool="3" flavor2="0">
      </item>
      <item path="header/encode.h" ex="false" tool="3" flavor2="0">
      </item>
      <item path="header/fft.h" ex="false" tool="3" flavor2="0">
      </item>
      <item path="header/mbest.h" ex="false" tool="3" flavor2="0">
      </item>
      <item path="header/nlp.h" ex="false" tool="3" flavor2="0">
      </item>
      <item path="header/sine.h" ex="false" tool="3" flavor2="0">
      </item>
      <item path="src/amp.c" ex="false" tool="0" flavor2="0">
      </item>
      <item path="src/codebook.c" ex="false" tool="0" flavor2="0">
      </item>
      <item path="src/codec.c" ex="false" tool="0" flavor2="0">
      </item>
      <item path="src/encode.c" ex="false" tool="0" flavor2="0">
      </item>
      <item path="src/fft.c" ex="false" tool="0" flavor2="0">
      </item>
      <item path="src/mbest.c" ex="false" tool="0" flavor2="0">
      </item>
      <item path="src/nlp.c" ex="false" tool="0" flavor2="0">
      </item>
      <item path="src/sine.c" ex="false" tool="0" flavor2="0">
      </item>
    </conf>
  </confs>
</configurationDescriptor>
