<?xml version="1.0" encoding="UTF-8"?>
<project xmlns="http://www.netbeans.org/ns/project/1">
    <type>org.netbeans.modules.cnd.makeproject</type>
    <configuration>
        <data xmlns="http://www.netbeans.org/ns/make-project/1">
            <name>decode</name>
            <c-extensions>c</c-extensions>
            <cpp-extensions/>
            <header-extensions/>
            <sourceEncoding>UTF-8</sourceEncoding>
            <make-dep-projects/>
            <sourceRootList/>
            <confList>
                <confElem>
                    <name>Debug</name>
                    <type>1</type>
                </confElem>
                <confElem>
                    <name>Release</name>
                    <type>1</type>
                </confElem>
            </confList>
            <formatting>
                <project-formatting-style>true</project-formatting-style>
                <c-style>Default|NetBeans</c-style>
                <cpp-style>Default|NetBeans</cpp-style>
                <header-style>KandR|K&amp;R</header-style>
            </formatting>
        </data>
    </configuration>
</project>
